date,symbol,open,high,low,close,volume,turnover
2023-12-21,CKHL,300,330,300,330,2080,683944.5
2023-12-24,CKHL,335.5,363,335.5,363,3090,1120048.4
2023-12-27,CKHL,363,399.3,363,399.3,3660,1459771.6
2023-12-28,CKHL,407,439.2,407,439.2,5760,2528288.1
2024-01-01,CKHL,447.9,483.1,447.9,483.1,4780,2304831
2024-01-02,CKHL,492.7,531.4,492.7,531.4,7805,4010775.35
2024-01-03,CKHL,542,584.5,535.1,549,85750,47627071
2024-01-04,CKHL,540,593,527.4,589.2,30058,16960690.4
2024-01-07,CKHL,595,595,555.5,556,33610,19052914.9
2024-01-08,CKHL,550,581,545.1,560,26658,14804913.5
2024-01-09,CKHL,571.2,571.2,545.1,546,20017,11098914.9
2024-01-10,CKHL,540,566,540,550,18125,10079452
2024-01-11,CKHL,550,567.1,542,552,12850,7099835
2024-01-14,CKHL,552,582,552,582,29379,16711231.2
2024-01-16,CKHL,575,591.9,562,566,27503,15697788.9
2024-01-17,CKHL,566,567.1,532.2,532.2,19224,10535538.3
2024-01-18,CKHL,523,542,510.1,542,25225,13041862.5
2024-01-21,CKHL,552.8,552.8,514,518,24374,12849334.9
2024-01-22,CKHL,509,518,502,515,16169,8251636.1
2024-01-23,CKHL,505,529.9,505,510.2,9940,5108266
2024-01-24,CKHL,511.5,520,505.7,512,9615,4934912
2024-01-25,CKHL,501.8,521.2,496,513,11475,5794400
2024-01-28,CKHL,511,519,505.3,511.5,9710,4958910
2024-01-29,CKHL,503.9,530,503.9,520,12033,6264120
2024-01-30,CKHL,525,534,520,524.5,10035,5284417.5
2024-01-31,CKHL,514.5,530,506,510,9836,5097750.7
2024-02-01,CKHL,505,510,495,496,13912,6936963.7
2024-02-04,CKHL,488,502,485.2,488,10456,5122303.5
2024-02-05,CKHL,488,500,488,495.1,7785,3854325
2024-02-06,CKHL,485.2,510,485.2,509.9,8571,4279611.6
2024-02-07,CKHL,511,525,504.2,517,10480,5427318.1
2024-02-08,CKHL,510,521,510,520,7642,3945462.7
2024-02-11,CKHL,515,530,515,520.6,16154,8457641.7
2024-02-12,CKHL,518,572.6,516.3,572.6,60320,33675768.9
2024-02-13,CKHL,572.6,575.5,539,545,30094,16784193.6
2024-02-14,CKHL,535,557,535,551,13916,7622640.5
2024-02-15,CKHL,540,555.9,530.2,538,18910,10279924
2024-02-18,CKHL,538,538,519.4,530,12539,6606648.5
2024-02-20,CKHL,522,559,520.1,549,23105,12527236.5
2024-02-21,CKHL,538.1,557,538.1,551,27457,15105360.8
2024-02-22,CKHL,540,574,540,573,66059,37524877.8
2024-02-25,CKHL,574,624.9,563,622,52197,31371945.6
2024-02-26,CKHL,609.6,641,609.6,635,25585,16002469
2024-02-27,CKHL,622.3,686.8,602.9,602.9,34944,21688971.9
2024-02-28,CKHL,614.9,663.1,604,661,86100,55025130
2024-02-29,CKHL,661,670,621,670,31070,19778587.5
2024-03-03,CKHL,656.6,656.6,610,619.8,12202,7593982.5
2024-03-04,CKHL,632.1,657,632.1,643,1807,1159391
2024-03-05,CKHL,655.8,655.8,600,611.9,21669,13229482.2
2024-03-06,CKHL,601,640,598,624,31625,19331050
2024-03-07,CKHL,611.6,680,605,680,23216,14513871.9
2024-03-10,CKHL,666.4,666.4,622.5,632,56581,35598952.8
2024-03-12,CKHL,635,635,607,617.2,13453,8311939.1
2024-03-13,CKHL,620,620,601,611.9,8486,5172499.4
2024-03-14,CKHL,600.1,620,588.1,611,23160,13912767.3
2024-03-17,CKHL,600,625,600,623.5,11887,7266212
2024-03-18,CKHL,613,626,611.1,619,13786,8495540.3
2024-03-19,CKHL,609.1,620,600,600,17076,10418514
2024-03-20,CKHL,588,645,588,617,68859,41693157.6
2024-03-21,CKHL,604.7,616,600,613.3,11487,6938521.4
2024-03-25,CKHL,601.1,637.5,591,607,13613,8153475.5
2024-03-26,CKHL,595.6,612,595.6,607,23914,14398690.3
2024-03-27,CKHL,595,600,584.5,586,21537,12729866.1
2024-03-28,CKHL,575.3,592,575.2,581,10280,6004483
2024-03-31,CKHL,570.1,589,568.5,589,11462,6604946.3
2024-04-01,CKHL,577.3,585,567,580,10463,6021265.8
2024-04-02,CKHL,569,580,555.7,555.7,8108,4553100.8
2024-04-03,CKHL,557,557,540.2,545,7653,4189938
2024-04-04,CKHL,555,555,530,545,7338,3941942.9
2024-04-07,CKHL,537,545,530.6,534,9860,5279775.5
2024-04-09,CKHL,530.2,558.9,530.2,535.5,12872,6983325.1
2024-04-10,CKHL,545,556,538,541.1,7909,4335819.9
2024-04-14,CKHL,545,557,542.2,553.9,8415,4635593.4
2024-04-15,CKHL,551,555,547,554,6844,3757338
2024-04-16,CKHL,545.1,553.8,534,535.1,5780,3115103
2024-04-18,CKHL,525,534,522,525,5516,2900662.7
2024-04-21,CKHL,520,548.5,517.5,534,2008,1056225.8
2024-04-22,CKHL,530,534,520,522,3524,1847625.4
2024-04-24,CKHL,512.3,532,512.3,523.9,4077,2126002.7
2024-04-25,CKHL,514,530,510,530,6737,3464879.3
2024-04-28,CKHL,519.4,520,507,515,8179,4203637.2
2024-04-29,CKHL,508.1,518.2,495,499,22913,11473258
2024-04-30,CKHL,492,511.9,490,504.8,21093,10566997.1
2024-05-02,CKHL,495,514.8,495,496.1,7483,3753567.8
2024-05-05,CKHL,495,506,487,490,9571,4707072.7
2024-05-06,CKHL,486,493,481.5,490,4521,2199763.4
2024-05-07,CKHL,499.8,516,480.5,491.2,7153,3577748.5
2024-05-08,CKHL,490,499.8,488.5,493,2030,1000299
2024-05-09,CKHL,493,510,493,510,10374,5234052
2024-05-12,CKHL,506.3,516.3,505,505,5262,2671522
2024-05-13,CKHL,502,510,495,510,15683,7926799
2024-05-14,CKHL,506,549,506,546,20170,10760611.7
2024-05-15,CKHL,540,550,525,527.9,7840,4167509.6
2024-05-16,CKHL,536,536,520,523.9,6772,3539375.5
2024-05-19,CKHL,523,545,523,541,19125,10264116.5
2024-05-20,CKHL,551.8,560,540,555,19239,10584248.9
2024-05-21,CKHL,566,569,544,560.3,7537,4239099.4
2024-05-22,CKHL,571.5,571.5,555.2,571,23421,13115575.9
2024-05-26,CKHL,560,565,543,552,8253,4540405.4
2024-05-27,CKHL,541,563,533,553,11349,6184182
2024-05-29,CKHL,556,570,542.1,561,18996,10558625.7
2024-05-30,CKHL,560,567.1,550.3,560,10060,5657894.9
2024-06-02,CKHL,560,564,555,563,12578,7034429.2
2024-06-03,CKHL,555.3,564,555,559.9,7365,4114328
2024-06-04,CKHL,555,560,548.8,550,10215,5645197.8
2024-06-05,CKHL,550,555,532.2,532.2,11918,6519306.4
2024-06-06,CKHL,542.8,553,535,537,5070,2745158
2024-06-09,CKHL,537,559,537,559,15780,8643744.3
2024-06-10,CKHL,570,594.6,561,594.4,45994,26939469.6
2024-06-11,CKHL,596,603,585,587,8315,4922119.7
2024-06-12,CKHL,598,615,580,608,31464,18743338.4
2024-06-13,CKHL,595.9,602,579,589.5,7774,4569305.6
2024-06-16,CKHL,579,595,575,590,13221,7729332.9
2024-06-18,CKHL,595,600,551,597,21412,12661994.9
2024-06-19,CKHL,597,600,588.1,599,8455,5036315
2024-06-20,CKHL,595,605,587.1,593,10246,6118210
2024-06-23,CKHL,604.8,604.8,575,582.2,8409,4872927.4
2024-06-24,CKHL,585,599.9,561.9,599.9,32778,19216064
2024-06-25,CKHL,599.9,640.8,599.9,640,38592,24286873.7
2024-06-26,CKHL,630,642,613.2,629.3,12318,7648977.2
2024-06-27,CKHL,617.1,622,600,615,12265,7446325.7
2024-06-30,CKHL,603.2,620,593.1,603,14964,9031738.3
2024-07-01,CKHL,603,611.9,595.2,609,5175,3120689.1
2024-07-02,CKHL,621.1,645,606,615,15219,9492532.1
2024-07-03,CKHL,604.6,617,586.1,586.1,14731,8844010.2
2024-07-04,CKHL,595,631,590,595.3,11199,6711031.7
2024-07-07,CKHL,595,603,588.1,588.2,6855,4069995.8
2024-07-08,CKHL,599.9,599.9,581.1,588,6689,3941060
2024-07-09,CKHL,588,615,588,615,33187,19840791.4
2024-07-10,CKHL,605.1,617,603.5,614,12247,7457872.3
2024-07-11,CKHL,603,620,603,620,8181,5001900.2
2024-07-14,CKHL,632.4,645,608,623,16961,10560704.1
2024-07-15,CKHL,611.1,618,606,606.7,9548,5820706.1
2024-07-16,CKHL,595,644,595,640,35974,22647027.9
2024-07-17,CKHL,647.9,652.4,633.2,652.4,18309,11728498
2024-07-18,CKHL,651,710,640,687,31665,21174119.8
2024-07-21,CKHL,673.3,750,673.3,722,50705,35533723.6
2024-07-22,CKHL,722,765,701,765,31472,22919171.5
2024-07-23,CKHL,750,774,728,770,12983,9852807
2024-07-24,CKHL,783,783,704,710,29936,22086786.9
2024-07-25,CKHL,710,723.1,694.6,694.6,25202,17981336.3
2024-07-28,CKHL,707,723,660,720,25704,18018176.5
2024-07-29,CKHL,707,710,683,700,13751,9527193.5
2024-07-30,CKHL,704,714,671,714,24115,16700983.5
2024-07-31,CKHL,714,728.2,674.4,690,32827,22936452.2
2024-08-01,CKHL,690,719,673.5,714,30553,21207972.7
2024-08-05,CKHL,728,728,687.1,699,7996,5578669
2024-08-06,CKHL,710,714,661.5,675,20474,14161417.7
2024-08-07,CKHL,674,698,663,683.4,7287,4963965.3
2024-08-08,CKHL,697,700,660,670.4,11031,7497027.1
2024-08-11,CKHL,671,713,671,688.3,13546,9363515.3
2024-08-12,CKHL,702,722,702,710,23727,16907812.4
2024-08-13,CKHL,724.2,724.2,696,705.1,9724,6871314.2
2024-08-14,CKHL,692,709,683.1,705,10701,7441817.1
2024-08-15,CKHL,701,710,688,690.5,16081,11231597.2
2024-08-18,CKHL,690,732.1,658,658,12030,8152728.5
2024-08-21,CKHL,652,671.1,649,650,17190,11290229.3
2024-08-22,CKHL,652,677.2,652,654,10008,6603751
2024-08-25,CKHL,660,671,655.1,655.5,11276,7498436.5
2024-08-27,CKHL,656,673.2,645,647,9025,5868256.5
2024-08-28,CKHL,648,668.1,639,640.5,5080,3288216
2024-08-29,CKHL,638.1,661,618,627,5859,3707244.9
2024-09-01,CKHL,615.1,652,611.2,615,3533,2201195.5
2024-09-02,CKHL,615,648,615,648,10600,6694165.3
2024-09-03,CKHL,640.2,654,630.2,636.1,4561,2919769.3
2024-09-04,CKHL,646,655.9,590,615,7094,4496882.1
2024-09-05,CKHL,615,632.9,615,632.9,5275,3293315.7
2024-09-08,CKHL,645.4,658.3,632.3,633.1,9012,5816641.7
2024-09-09,CKHL,625.1,649.9,625.1,640,9934,6333123.2
2024-09-10,CKHL,652.7,652.7,630.1,630.1,6896,4390011.4
2024-09-11,CKHL,620,642.7,620,640,8376,5315873.5
2024-09-12,CKHL,652.4,678.9,632,678.9,9786,6432810.5
2024-09-15,CKHL,692,708.9,642.6,670,30611,20870740.1
2024-09-16,CKHL,656.7,666,618,652,10915,6977239
2024-09-18,CKHL,640,653.8,640,649,1647,1060407
2024-09-22,CKHL,661.7,665,635.7,665,8559,5617602.4
2024-09-23,CKHL,677.7,685,634,634.6,6880,4481408.9
2024-09-24,CKHL,633,647,623,630,7593,4764068.2
2024-09-25,CKHL,619,652.8,619,650,3185,2066684
2024-09-26,CKHL,659.5,660,637,649,4876,3121924
2024-09-29,CKHL,636.1,636.1,625.3,625.5,1700,1068368
2024-09-30,CKHL,625,649.7,622.1,622.7,4166,2641893
2024-10-01,CKHL,635,650,630,638.2,4476,2887830.8
2024-10-02,CKHL,628.1,649,628.1,639,4319,2749081.6
2024-10-06,CKHL,628,655.8,628,654.9,2568,1659374
2024-10-07,CKHL,645.1,677.8,645.1,655,5084,3365414.7
2024-10-08,CKHL,643.7,656,643.7,654,1880,1218797
2024-10-09,CKHL,663,663,628.2,654,1140,739968
2024-10-15,CKHL,642,660,633.2,658,2095,1349433.3
2024-10-16,CKHL,660,663,654.3,657,4514,2963202
2024-10-17,CKHL,670.1,670.1,650.5,655,3768,2475876.5
2024-10-20,CKHL,668.1,668.1,640.3,650,2080,1342317.3
2024-10-21,CKHL,638,642,623,630,2900,1827078.5
2024-10-22,CKHL,630,640,627.4,640,4100,2608891.4
2024-10-23,CKHL,640,640,632,632,2389,1520664.6
2024-10-24,CKHL,630,635,625.1,632,2312,1457820
2024-10-27,CKHL,632,644.7,628.3,638.5,3413,2186840.5
2024-10-28,CKHL,626.4,651.2,626.4,647,2026,1304713
2024-10-29,CKHL,647.1,663.1,647.1,655,5357,3520710.5
2024-10-30,CKHL,667.9,667.9,646.7,655,5554,3653608.9
2024-11-05,CKHL,650,656,643.3,650,1397,908717.5
2024-11-06,CKHL,639,662,639,659,6417,4204901
2024-11-10,CKHL,660,700,659.5,692,18878,12934252.2
2024-11-11,CKHL,705,705,676,676,8820,6088065.2
2024-11-12,CKHL,677.7,694.9,671.4,672.1,4908,3343569.2
2024-11-13,CKHL,672.1,685.5,658.6,684.3,15064,10135763.3
2024-11-14,CKHL,688,729,688,691,38357,27234248.3
2024-11-17,CKHL,704.8,721.8,700,700,14067,10034845.9
2024-11-19,CKHL,701,712,678.5,678.5,14882,10335796.9
2024-11-20,CKHL,670,690,656.6,668.1,13906,9372108.5
2024-11-21,CKHL,656,719,655,695,45333,31639018.7
2024-11-24,CKHL,699,711,684,697.5,15152,10576995.5
2024-11-25,CKHL,704.9,704.9,688,699.9,9932,6928889
2024-11-26,CKHL,713.8,713.8,688.2,705,12527,8778680.6
2024-11-27,CKHL,719.1,719.1,706,712,18835,13397512.3
2024-11-28,CKHL,726.2,726.2,700,700,14097,9967137
2024-12-01,CKHL,687,699,680,690,12835,8862610
2024-12-02,CKHL,690,700,685,685,8895,6143563.9
2024-12-03,CKHL,687.1,699.7,687.1,694,11704,8111328.2
2024-12-04,CKHL,694,729.2,694,714.1,19172,13738584.2
2024-12-05,CKHL,712,714,695,701,6157,4348126.5
2024-12-08,CKHL,701,701,685.1,690,9189,6338423.6
2024-12-09,CKHL,699.9,699.9,677.2,690,3690,2532229.3
2024-12-10,CKHL,685,695,673,673,8622,5860400.8
2024-12-11,CKHL,686.4,704,672.9,703.9,13221,9151756.2
2024-12-12,CKHL,717,717.9,692,692.1,10189,7157483.5
2024-12-16,CKHL,700,700,673.2,680,10219,6961798.4
2024-12-17,CKHL,675,689.9,667.2,680,5386,3644445
2024-12-18,CKHL,692,737.8,672.2,732,41843,30227737.1
2024-12-19,CKHL,740,745.9,720,725,20992,15365852.4
2024-12-22,CKHL,725,777,720,771,50194,37782658.8
2024-12-23,CKHL,762,799.9,755.6,799,26899,20983184.3
2024-12-24,CKHL,799,800,765.1,767.6,29279,22777911.2
2024-12-26,CKHL,752.3,779,741.1,742,16589,12467834.8
2024-12-29,CKHL,749.8,754,715,717,16129,11793220.2
2024-12-31,CKHL,706,721.7,690,715,23774,16790246.2
2025-01-01,CKHL,706,725,706,723.9,5578,3978468.4
2025-01-02,CKHL,720,770,713.3,750,33485,24802909
2025-01-05,CKHL,759.9,775,749.8,750,27006,20694660
2025-01-06,CKHL,760,775,756.1,766,36448,27817361.4
2025-01-07,CKHL,775,777,754.6,764,31569,24117268
2025-01-08,CKHL,748.8,840.4,748.8,839.1,122373,97828647.45
2025-01-09,CKHL,825,854.9,810,811,34025,28147446.4
2025-01-12,CKHL,827.2,827.2,786,790,29345,23494141.5
2025-01-13,CKHL,785,791,774.3,790,32763,25521869.9
2025-01-15,CKHL,790,805,785,804,35599,28325532.8
2025-01-16,CKHL,819.9,820,788.9,800,26781,21390817.9
2025-01-19,CKHL,808.9,808.9,782.1,794,22986,18259952.1
2025-01-20,CKHL,804,805,780,789,18378,14496795.2
2025-01-21,CKHL,804.7,819,791,796,28662,23069164.5
2025-01-22,CKHL,795,816,792.1,816,25111,20215946.8
2025-01-23,CKHL,820,845.5,804,835.1,38233,31651473
2025-01-26,CKHL,830,845,818.4,838,22360,18742041
2025-01-27,CKHL,821.5,886.5,815,815.2,35548,30176316.2
2025-01-28,CKHL,822,870,822,856,38126,32340274.7
2025-02-02,CKHL,860,895.5,848.1,893,52907,46216768.4
2025-02-03,CKHL,885,897,854,882,33950,29689771
2025-02-04,CKHL,887,910,873.1,899,35441,31745145.7
2025-02-05,CKHL,891,899,870,880,14031,12404370.1
2025-02-06,CKHL,880,884,870,870,18791,16422847
2025-02-09,CKHL,870,887.9,841.2,842,25581,22052838.5
2025-02-10,CKHL,850,857,830,837.8,17816,14955295.3
2025-02-11,CKHL,840,848.9,830,833,8689,7269541.5
2025-02-12,CKHL,849,883.2,820,840,18685,15821169.6
2025-02-13,CKHL,840,848,828,835,19595,16319188.4
2025-02-16,CKHL,827.1,839,820,830,12587,10392247.5
2025-02-17,CKHL,820,844.9,820,835,16559,13867021.8
2025-02-18,CKHL,845,861.7,830,836,26500,22300398.6
2025-02-20,CKHL,824.1,840.8,823.5,829,13856,11520930.4
2025-02-23,CKHL,845,845,809,812,12093,9866951.8
2025-02-24,CKHL,815,832,800,805,16582,13374985.4
2025-02-25,CKHL,800,835,792.3,825,15866,12945177.1
2025-02-27,CKHL,826,826,803,811,11966,9709612
2025-03-02,CKHL,805.1,818,798.3,815,9728,7845050.4
2025-03-03,CKHL,801,829,788,793,14069,11245617.5
2025-03-04,CKHL,790.2,803,780,789,12278,9706601.4
2025-03-05,CKHL,788,797.9,778.1,780.7,4426,3470351.3
2025-03-06,CKHL,770,800,765,786,11497,8918187.4
2025-03-09,CKHL,801.7,801.7,770,786.9,7797,6051584.7
2025-03-10,CKHL,772.1,797,772.1,777,1720,1339719
2025-03-11,CKHL,765.1,792,746.9,755,8671,6610245.2
2025-03-12,CKHL,746.1,770,740,768,4505,3383598
2025-03-16,CKHL,753,765,738,749,4402,3292611.6
2025-03-17,CKHL,743.1,750,735,748,2800,2072567
2025-03-18,CKHL,762,762,742,743,2888,2180424.1
2025-03-19,CKHL,738,772,738,750,2889,2158943.9
2025-03-20,CKHL,751,763,741,761.48,7895,5951798.1
2025-03-23,CKHL,750.5,755,725,725.46,4115,3046924
2025-03-24,CKHL,726,738,715,719.02,5111,3716017.1
2025-03-25,CKHL,714.1,714.1,681.3,685.03,7774,5400199.2
2025-03-26,CKHL,675,709.9,675,706.5,3675,2545722.5
2025-03-27,CKHL,707,716.8,705,714.23,5505,3900486.8
2025-03-30,CKHL,705,744.2,705,730.1,2503,1831414.9
2025-04-01,CKHL,720,731,707.1,721.62,2710,1949577
2025-04-02,CKHL,708.1,718.5,705,712.5,2336,1657735.8
2025-04-03,CKHL,707.5,714.9,698,704.88,8338,5876796.6
2025-04-07,CKHL,691,709.9,691,698.1,2018,1412889.7
2025-04-08,CKHL,687,702,683,699.68,6120,4237193.3
2025-04-09,CKHL,691,760,691,702.73,16043,11315208.9
2025-04-10,CKHL,705,728,702.4,723.28,4454,3177018.6
2025-04-13,CKHL,725,734,705.6,711.2,7957,5685795
2025-04-15,CKHL,710,724.8,710,715.24,6074,4358904.6
2025-04-16,CKHL,711,731.8,705,726.5,7054,5067877.1
2025-04-17,CKHL,715.1,755,715.1,740.63,13555,10018626.1
2025-04-20,CKHL,730.2,745,730.2,733.1,1936,1425109
2025-04-21,CKHL,747.6,747.6,726.1,733.57,6004,4400654
2025-04-22,CKHL,745,745,719,721.22,2131,1550004.5
2025-04-23,CKHL,721,723,700,702.46,15214,10771369.9
2025-04-24,CKHL,714,714.7,695.5,700.79,6666,4682737.3
2025-04-27,CKHL,688,720,688,694.95,23374,16476970.7
2025-04-28,CKHL,692.1,705,685,686.19,10102,7006007.6
2025-04-29,CKHL,673,700,673,685.94,6967,4785192.9
2025-04-30,CKHL,698,698,678,685.33,5734,3922908
2025-05-04,CKHL,699,699,676.5,684.26,3499,2388122.4
2025-05-05,CKHL,680.1,688.9,680,681.4,4216,2872719.1
2025-05-06,CKHL,681,690,660,667.62,6870,4614451.5
2025-05-07,CKHL,679,688,666,679.13,4127,2798516.4
2025-05-08,CKHL,689.9,689.9,670,675.31,8585,5794286.8
2025-05-11,CKHL,688.8,688.8,667.1,667.59,1365,918309.7
2025-05-13,CKHL,680,689,660.1,669.77,2916,1960584
2025-05-14,CKHL,660.1,673.7,660.1,662.6,1823,1208170.4
2025-05-15,CKHL,650,666,650,655.31,3855,2525860
2025-05-18,CKHL,645,670.9,645,645.45,3114,2025838
2025-05-19,CKHL,645,670,645,665.79,2760,1816117.5
2025-05-20,CKHL,655,678,639.5,669.96,5330,3531579
2025-05-21,CKHL,683.3,696,666,670.35,2697,1813320.5
2025-05-22,CKHL,661,677,659.6,662.66,3330,2217029.5
2025-05-25,CKHL,662,675.9,650,652.75,3850,2517297.7
2025-05-26,CKHL,660,672,639,647.58,5288,3447400.8
2025-05-27,CKHL,640.1,652,640,645.07,1900,1220472.8
2025-05-28,CKHL,656,656,629.2,642.18,2957,1881975.5
2025-06-02,CKHL,655,655,624,633.75,6254,3978857.9
2025-06-03,CKHL,633,642,623.3,635.12,2511,1592416.7
2025-06-04,CKHL,622.5,647,622.5,630.34,1545,974669.4
2025-06-05,CKHL,625,636,623,629.18,2043,1284423
2025-06-08,CKHL,641,641,615.5,616.42,4698,2921956.9
2025-06-09,CKHL,607.2,650,607.2,632.42,6682,4229235.7
2025-06-10,CKHL,635,669.8,635,651.44,6905,4516643
2025-06-11,CKHL,640,664,640,655.09,2968,1938550
2025-06-12,CKHL,655,663,650,652.54,6219,4052970.4
2025-06-15,CKHL,640,665.5,638,639.75,3081,1985697.7
2025-06-16,CKHL,639.75,652,627.2,635.4,8174,5220966.8
2025-06-17,CKHL,640,648.1,625,627.6,1320,828831
2025-06-18,CKHL,630,636,625,626.33,3298,2066729
2025-06-19,CKHL,637,637,613.9,623.02,5357,3328384.3
2025-06-22,CKHL,610.7,633,610.7,615.12,5621,3463076.2
2025-06-23,CKHL,603,627,602.5,609.72,8867,5364031
2025-06-24,CKHL,621,632.5,608.7,612.14,3035,1862053
2025-06-25,CKHL,602,635,602,608.36,2658,1623297.8
2025-06-26,CKHL,618.1,643.7,610.3,613.43,7671,4740561.7
2025-06-29,CKHL,623,638.1,601.2,630.66,12822,7861749.9
2025-06-30,CKHL,629,648,628,630.33,3370,2135307.7
2025-07-01,CKHL,627,638.9,621.1,638.85,3045,1910890.3
2025-07-02,CKHL,630,652,627,647.17,9763,6226208.7
2025-07-03,CKHL,640,663.4,630,636.5,14529,9336743.8
2025-07-06,CKHL,630,700,623.9,639.71,4323,2773441.5
2025-07-07,CKHL,629,648,625.3,627.7,4121,2588372.2
2025-07-08,CKHL,638,638,625,625,2389,1494806
2025-07-09,CKHL,636,646,623.5,640.43,5507,3489877.1
2025-07-10,CKHL,631.6,671.8,631.6,651.37,18743,12349252.4
2025-07-13,CKHL,664.3,703.8,659,678.61,31077,21130338.9
2025-07-14,CKHL,685,693,672,681.98,23856,16229098.5
2025-07-15,CKHL,681.4,681.4,652.8,659.72,7727,5134097.3
2025-07-16,CKHL,657.1,671,657.1,662.09,2047,1354696
2025-07-17,CKHL,672,714,664.5,709.84,34464,24102544.7
2025-07-20,CKHL,724,734.4,711,729.06,24509,17712265.4
2025-07-21,CKHL,716,723.1,701.2,708.53,11526,8185414.6
2025-07-22,CKHL,700.1,722,700.1,716.88,15649,11156892.7
2025-07-23,CKHL,706.8,717,706.8,711.81,5070,3611451.1
2025-07-24,CKHL,720,730,702,717.12,14180,10137440.1
2025-07-27,CKHL,711.1,722,693.1,697.24,11823,8331448.7
2025-07-28,CKHL,685.1,702,685.1,694.86,11487,7968375.4
2025-07-29,CKHL,687.1,720,687.1,713.73,9347,6614799.1
2025-07-30,CKHL,699.8,728,699.8,707.51,14898,10613905.8
2025-07-31,CKHL,694,722.5,690,691.23,7684,5375706.1
2025-08-03,CKHL,679,695,665.5,670.28,10631,7241390.9
2025-08-04,CKHL,657,677,657,670,7515,5063519
2025-08-05,CKHL,657,675,657,667.76,7034,4728478
2025-08-06,CKHL,654.6,675,654.6,669.3,23332,15598749.5
2025-08-07,CKHL,659,680,658.6,668.82,9459,6328813.6
2025-08-11,CKHL,656.8,679,656.8,670.48,3159,2118486.5
2025-08-12,CKHL,660.2,675,658,663.24,5180,3430294
2025-08-13,CKHL,665,680,660.1,667.43,3691,2484043.7
2025-08-14,CKHL,670.1,693,669,672.96,4299,2915300.6
2025-08-17,CKHL,665,683.3,665,666.87,3811,2569134
2025-08-18,CKHL,655,696,655,685.62,7747,5301805.5
2025-08-19,CKHL,687.3,690,671.4,679.78,2077,1425021.8
2025-08-20,CKHL,667.1,685,667,667.29,2630,1775652
2025-08-21,CKHL,657.5,685.4,657.5,673.88,4933,3340875.3
2025-08-24,CKHL,664,700,664,669.4,910,612698
2025-08-25,CKHL,656.1,673,656.1,668,3556,2380200.2
2025-08-26,CKHL,662,678,662,667.25,2488,1664496.8
2025-08-27,CKHL,662.9,685,662.9,684.31,2259,1541033.5
2025-08-28,CKHL,676.2,689.7,670.1,674.93,3875,2630712.4
2025-08-31,CKHL,665,673,665,672.07,2337,1569721.9
2025-09-01,CKHL,663,672,663,669.7,495,331210.5
2025-09-02,CKHL,665.6,681,665.6,669.99,3835,2576088.8
2025-09-03,CKHL,672,672,660,662.26,6280,4202488.9
2025-09-04,CKHL,656.1,668,618.1,651.3,4493,2880946.1
2025-09-07,CKHL,639,650,639,639.55,5297,3420334.1
2025-09-08,CKHL,635,640,600.3,635.66,5287,3361795
2025-09-18,CKHL,623,623,611,611,20,12340
2025-09-21,CKHL,606,664,601.1,626.33,5017,3074123
2025-09-23,CKHL,620,658,620,658,2545,1635694
2025-09-24,CKHL,645,678.3,632.2,660,6561,4224622
2025-09-25,CKHL,646.8,672.9,646.8,660.3,3414,2263142.1
2025-09-28,CKHL,660,664,651,664,1050,689407.5
2025-10-07,CKHL,651,653.8,625,625,5862,3730087.5
2025-10-08,CKHL,637,637,603.1,606,3080,1872482
2025-10-09,CKHL,618.1,643,603,603,3535,2172373
2025-10-12,CKHL,592,609,561,569,4558,2650016
2025-10-13,CKHL,579,591,561.2,591,2666,1544360.4
2025-10-14,CKHL,581,590,565,589.9,2160,1239642
2025-10-15,CKHL,578.2,579,568.8,579,730,419143
2025-10-16,CKHL,570,578,561.2,572,770,436375
2025-10-19,CKHL,570.9,582.3,560.9,570,830,470642
2025-10-26,CKHL,558.6,564.2,550,564.1,1495,830262.5
2025-10-28,CKHL,562,590,561,590,1915,1107121.5
2025-10-29,CKHL,579,607,575,588,3340,1962926.4
2025-10-30,CKHL,598,623,585,600,2914,1733838
2025-11-02,CKHL,590,624.1,590,617.7,2045,1250004.1
2025-11-03,CKHL,617,618,590,610,2070,1247293
2025-11-04,CKHL,597.9,600,587.3,588,510,301700
2025-11-05,CKHL,580.1,597.9,580.1,596.3,200,118495
2025-11-06,CKHL,585.2,607.9,584.5,589,2572,1532037.2
2025-11-09,CKHL,580,595.7,579,590,2777,1622051.5
2025-11-10,CKHL,601.8,605,583.7,590,3333,1973195.4
2025-11-11,CKHL,599,599,588,593,895,528339
2025-11-12,CKHL,597.9,597.9,581.4,587,1305,768317
2025-11-13,CKHL,577,595,575.6,591.6,1974,1151986.6
2025-11-16,CKHL,580.2,592.5,573.5,574.3,2353,1360992
2025-11-17,CKHL,566.2,585,566.2,580.8,180,103725
2025-11-18,CKHL,592.4,598,575.1,575.1,3855,2269969.4
2025-11-19,CKHL,575.2,591.6,575,590,2056,1199943
2025-11-20,CKHL,595,636.9,591,630.1,13022,8097712
2025-11-23,CKHL,630,645,620,640,3199,2020241
2025-11-24,CKHL,628,651.9,628,635,9071,5844428.1
2025-11-25,CKHL,635,640,617.4,627.9,3666,2293542.2
2025-11-26,CKHL,629.9,640,625.6,634,3527,2223981
2025-11-27,CKHL,628.2,650,628.2,636.1,9766,6279475.7
2025-11-30,CKHL,625,649,622.1,622.1,6865,4347130.8
2025-12-01,CKHL,625,633,622.2,630,2546,1597932
2025-12-02,CKHL,637.9,642,626.1,639,2981,1904659
2025-12-03,CKHL,628.1,660,628.1,650,13549,8805645.3
2025-12-07,CKHL,639.4,654,637.1,637.1,3240,2082137.5
2025-12-08,CKHL,626,665,626,661,15467,10143435.6
2025-12-09,CKHL,648,671,648,669.5,12297,8126288.4
2025-12-10,CKHL,657,682,657,667.9,10157,6760232
2025-12-11,CKHL,667,668.9,645.4,658,6678,4387370.2
2025-12-14,CKHL,671,671,640,643,3107,2015582
2025-12-15,CKHL,643,650,635,650,6169,3953936.6
2025-12-16,CKHL,650,661,650,654.9,5124,3353491.7
2025-12-17,CKHL,660,695,653.6,689.8,41053,27920898.4
2025-12-18,CKHL,690,693.4,668,678.9,11937,8113574.3
2025-12-21,CKHL,665.4,673,643.1,650,17393,11376075.7
2025-12-22,CKHL,650,651,623.4,640,9536,6043496.1
2025-12-23,CKHL,628,649,628,649,5334,3412541.2
2025-12-24,CKHL,637,651,628,639,9557,6091243
2025-12-28,CKHL,627,652.8,625,650,9382,6045956.5
2025-12-29,CKHL,638,661,637,650,4261,2744545.3
2025-12-31,CKHL,637,668,637,665,10551,6971631.8
2026-01-01,CKHL,665,673,650,665,3966,2594669.1
2026-01-04,CKHL,660,660,647,659,7903,5121261.3
2026-01-05,CKHL,645.9,671,645.9,663.9,4900,3229560.3
2026-01-06,CKHL,651,674,651,662.3,10877,7241335.9
2026-01-07,CKHL,649.5,669.3,649.5,651.1,6307,4175259.6
2026-01-08,CKHL,644.1,677,644.1,666,7920,5205180
2026-01-12,CKHL,652.7,671.1,652.7,652.7,3051,2008104.3
2026-01-13,CKHL,645,665,645,660,5678,3705052.7
2026-01-14,CKHL,647.3,660,647.3,654,6673,4368495.7
2026-01-18,CKHL,641.5,681,641.5,670,19413,12983093
2026-01-20,CKHL,680,682.9,667,677,14559,9831545.2
2026-01-21,CKHL,663.9,681,661,673,6449,4332862.1
2026-01-22,CKHL,660.4,677,660.4,677,5672,3797365
2026-01-25,CKHL,664.6,719,664.6,716.4,35790,24885505
2026-01-26,CKHL,702.8,734.8,695.1,732.5,20151,14427351.4
2026-01-27,CKHL,718.3,735,704,726.5,33607,24478146.2
2026-01-28,CKHL,712.7,748,706,730,17057,12329118.7
2026-01-29,CKHL,730,792,716,749.7,26116,19320435
2026-02-01,CKHL,735.2,749.8,714,724.8,8909,6397710
2026-02-02,CKHL,711.6,797,698,744,13747,10247834.2
2026-02-03,CKHL,729.9,757,702.1,725.5,14490,10520749
2026-02-04,CKHL,712,785,702,723,11856,8644264.5
2026-02-05,CKHL,709.3,774,709.3,774,28300,21113997.9
2026-02-08,CKHL,759.3,804,751,751,30521,23340274.2
2026-02-09,CKHL,736.9,795,735,738,11613,8686216.7
2026-02-10,CKHL,723.9,782,720,720,13202,9712649
2026-02-11,CKHL,706.3,736.4,695,700,21519,15365883.5
2026-02-12,CKHL,688,733,686,699,42672,29899067.2
2026-02-16,CKHL,686,740,686,699,5715,3967702.7
2026-02-17,CKHL,686,727,682.2,699.7,7425,5128752
2026-02-22,CKHL,686,699.7,680.2,680.2,7992,5459505
2026-02-23,CKHL,667.3,717,661.3,674.2,23501,15896961.9
2026-02-24,CKHL,687.6,715,662,675,8957,6060821
2026-02-25,CKHL,662.3,683,662.3,683,6559,4464988.5
2026-02-26,CKHL,669.9,685,669.9,685,6016,4086722.5
2026-03-01,CKHL,672,699.9,663,683,3742,2517166.4
2026-03-03,CKHL,670.1,723,668.2,723,6212,4270070.3
2026-03-09,CKHL,737,766,737,766,680,509814
2026-03-10,CKHL,780,780,711.1,728,21611,15644866.6
2026-03-11,CKHL,714.5,734.4,705,718,10889,7794547.3
2026-03-12,CKHL,704.8,750,700,722,4576,3291181.2
2026-03-15,CKHL,708.4,749,700,708.5,12257,8773483.1
2026-03-16,CKHL,695.2,745,695.2,738,8724,6301830.9
2026-03-17,CKHL,724.8,752,700,723.8,7904,5704849.3
2026-03-19,CKHL,710,783,700,744,15714,11497820.1
2026-03-22,CKHL,730.5,744,701.8,730,11665,8437900.9
2026-03-23,CKHL,715.9,730,701.7,715,6670,4750660.3
2026-03-24,CKHL,702,722.2,700,706,11010,7778164.5
2026-03-25,CKHL,695.1,735,694.1,702.4,5967,4223458.4
2026-03-26,CKHL,689.5,721,689.5,718,6657,4700706.5
2026-03-29,CKHL,704.5,717.5,694,694,13130,9212885.7
2026-03-30,CKHL,680.9,705.9,680.9,705.9,6256,4368113.1
2026-03-31,CKHL,692.6,732,692,698,3580,2515340.4
2026-04-01,CKHL,685,698.5,660.9,697,6180,4247920.9
2026-04-02,CKHL,683.9,693.5,664,690,5915,4045762
2026-04-05,CKHL,686,686,637,637,5945,3920532.5
2026-04-06,CKHL,625.3,700.7,625.3,694.6,45662,30794595.9
2026-04-07,CKHL,681,699.5,668,668,5634,3824193.1
2026-04-08,CKHL,655.2,698,655.2,682,9439,6359363.5
2026-04-09,CKHL,669,725,669,699,7359,5156977.5
2026-04-10,CKHL,686,727,683,700,1421,992338.7
2026-04-13,CKHL,687.1,730,674,714,6803,4761498.3
2026-04-15,CKHL,701,743,690,707,6713,4784025
2026-04-16,CKHL,693,714,680,700,3415,2380279
2026-04-17,CKHL,686.5,710,686.5,695.1,1628,1128337.5
2026-04-20,CKHL,680,700,665,689.1,1320,906326.5
2026-04-21,CKHL,660.3,691,660.3,678,4948,3344921.9
2026-04-22,CKHL,650.2,699,650.2,683.5,17136,11698166.8
2026-04-23,CKHL,663,690.1,663,675.1,1970,1341186
2026-04-24,CKHL,642,708,642,688,3413,2328474
2026-04-27,CKHL,660.2,723,660.2,702.2,14898,10576380.3
2026-04-28,CKHL,682.3,714.7,682.3,697,2076,1447496.2
2026-04-29,CKHL,663.2,703.4,663.2,697.9,1220,836509.9
2026-04-30,CKHL,680.2,699,680.2,699,1620,1106039.5
2026-05-04,CKHL,681,695,681,695,336,230003.6
2026-05-05,CKHL,675.1,694,675.1,694,260,177927
2026-05-06,CKHL,683.1,689,673.5,689,7137,4857990
2026-05-07,CKHL,672,690,672,683,520,351341
2026-05-08,CKHL,672.1,685,670.1,675,1165,782856
2026-05-11,CKHL,665,680,665,678,935,630563
2026-05-12,CKHL,670,670,660,660,1239,821588
2026-05-13,CKHL,651,660,645.1,647,881,574540.5
2026-05-14,CKHL,641.1,655,630.1,643.5,2543,1632598
2026-05-15,CKHL,660,660,641,646,1692,1101948
2026-05-18,CKHL,640.1,665,640.1,664,1540,1014703
2026-05-19,CKHL,646,665,646,665,140,92176
2026-05-20,CKHL,650.1,670,650.1,670,210,138141
2026-05-21,CKHL,655,669.5,655,669.5,2125,1408460
2026-05-22,CKHL,651,673.9,651,673.9,933,624496
2026-05-25,CKHL,658,725,658,695.4,8006,5568070.4
2026-05-26,CKHL,675,716,675,694,1585,1090064
2026-05-27,CKHL,674,700,674,695,1620,1111923.5
2026-06-01,CKHL,729.7,729.7,675,675,1706,1160196.5
2026-06-02,CKHL,656,680,656,675,710,477176
2026-06-03,CKHL,695.2,695.2,674.4,675,230,156381
2026-06-04,CKHL,660,675,660,665.5,301,201333.5
2026-06-05,CKHL,665.5,665.5,650,665,2230,1469429
2026-06-08,CKHL,652,660,652,655,290,189716
2026-06-09,CKHL,637,656.1,637,647.5,1295,836117
2026-06-10,CKHL,638,652.9,638,651,1405,905027.5
2026-06-11,CKHL,655,655,640,649,552,354973
2026-06-12,CKHL,639,647,619,647,835,528085
2026-06-15,CKHL,630,646,630,646,710,449931.5
2026-06-16,CKHL,640,640,630.1,640,663,420480
2026-06-17,CKHL,621,647.5,621,647.5,382,241350
2026-06-18,CKHL,629.3,652,629.2,642,740,476796
2026-06-19,CKHL,630,642,625,642,729,457341
2026-06-22,CKHL,622.8,645,622,645,215,135059
2026-06-23,CKHL,626,639.9,622,639.9,2601,1625431
2026-06-24,CKHL,621,630,621,630,252,157306.2
2026-06-25,CKHL,615,625,615,625,565,348448
2026-06-26,CKHL,627,627,609,620,597,365820
2026-06-29,CKHL,610,610,586,600,1724,1036455
2026-06-30,CKHL,586.1,599,586,599,291,170717
2026-07-01,CKHL,615,633,585.1,610,3079,1877334.6
2026-07-02,CKHL,601,609,592,609,375,223533
2026-07-03,CKHL,622,622,590,600,336,202901
2026-07-06,CKHL,600,600,582.1,582.5,893,523969
2026-07-07,CKHL,570,593,570,593,1000,589994
2026-07-08,CKHL,576,590,560,590,1190,683936
2026-07-09,CKHL,572.4,587,561.1,582.4,1060,605684
2026-07-10,CKHL,570,570,560,562,310,174638
2026-07-13,CKHL,577,577,530,539,18075,9632840.2
2026-07-14,CKHL,525,542.5,525,542.5,915,486156
2026-07-15,CKHL,542.5,558,532,558,904,494109.8
2026-07-16,CKHL,531,638,531,638,32751,20025005
2026-07-17,CKHL,618.9,676,582.4,614,5357,3335803.5
2026-07-20,CKHL,630,648.9,612.1,648.9,2519,1576708.9
2026-07-21,CKHL,635,649.9,615,620.1,3014,1902685.7
2026-07-22,CKHL,607.1,629.2,593.7,604.9,15236,9101177.1
2026-07-23,CKHL,622.9,623,589,622,318,190083.8
2026-07-24,CKHL,603.4,620,603.4,618,3274,2002269.8
2026-07-27,CKHL,588,621,588,614.7,2395,1447865.5
2026-07-28,CKHL,602,607.7,580,607.7,3742,2195911.1
2026-07-29,CKHL,589.5,624,572,585,1497,885381.4
2026-07-30,CKHL,585,601.5,571,588,273,158297.8
2026-07-31,CKHL,570.4,605.6,570.4,605.6,943,548584.6
2026-08-03,CKHL,604,606.9,586.9,597,12069,7200921
2026-08-04,CKHL,579.1,593.3,575.1,593.3,715,414241.2
2026-08-05,CKHL,575.8,593,575.8,592.9,1290,755837.4
2026-08-06,CKHL,575.2,581.9,575.2,578.2,633,365931.1
2026-08-07,CKHL,561.5,585,561.5,584,672,388751.2
2026-08-10,CKHL,593.9,600,568.5,581,16440,9390262
2026-08-11,CKHL,565,621.6,565,599,21398,12314478
2026-08-12,CKHL,582,609,571,609,1641,976515
2026-08-13,CKHL,595,612,581,610,3805,2286311.3
2026-08-14,CKHL,581,603,581,600.6,2230,1334520
2026-08-17,CKHL,583,612,583,596.6,970,582424
2026-08-18,CKHL,595,599,580,599,1547,919847
2026-08-19,CKHL,582,595,582,595,130,76158
2026-08-20,CKHL,580,590,577,588,120,69970
2026-08-21,CKHL,576,595.3,576,595.3,1815,1054277
2026-08-24,CKHL,578,590.5,578,590.5,618,358386
2026-08-25,CKHL,580,594.5,580,594.5,608,353454
2026-08-26,CKHL,580,593.5,577,577.5,540,313620
2026-08-27,CKHL,561,575,560.5,575,210,118068
2026-08-31,CKHL,558,558.1,552.1,553.1,200,111375
2026-09-01,CKHL,545,560,545,551,891,491485.5
2026-09-02,CKHL,551,567,544.3,566.5,570,315436
2026-09-03,CKHL,577,615,549.6,615,646,378695
2026-09-07,CKHL,585,636,585,591,1942,1158133.2
2026-09-09,CKHL,575,593,573.3,593,808,468306
2026-09-10,CKHL,575.4,588,575.3,588,80,46153
2026-09-11,CKHL,574,588,573,588,989,568940
2026-09-14,CKHL,590,599.7,571.2,590,440,256070
2026-09-15,CKHL,619,619,590,605,1305,774851
2026-09-16,CKHL,575,608,575,599.3,1045,611987.5
2026-09-17,CKHL,599.3,635,581.4,597,3682,2188538
2026-09-18,CKHL,580,612.8,580,596,1830,1077319
2026-09-22,CKHL,579,613,555.1,588,2379,1376625
2026-09-23,CKHL,570.4,589,553.4,587,2869,1639340
2026-09-24,CKHL,600.9,600.9,568.1,582.4,1420,811757
2026-09-28,CKHL,573,574.8,558.1,570,5495,3083792.5
2026-09-29,CKHL,542,574,525.8,555,10651,5679868.2
2026-09-30,CKHL,539,554.6,522.9,535,1557,826893
2026-10-01,CKHL,520,535,505,533,5307,2814281
2026-10-02,CKHL,527,527,515,524.9,971,504812
2026-10-05,CKHL,510,524,497,524,5368,2733627
2026-10-06,CKHL,516,520,495.1,508.3,1025,522731
2026-10-07,CKHL,493,507,493,505,1463,734214
2026-10-08,CKHL,479.8,531,479.8,531,5459,2720748
2026-10-09,CKHL,515.1,522,490,522,4236,2177188
